name,gender,frequency
JAMES,Male,0.0332
JOHN,Male,0.0327
ROBERT,Male,0.0314
MICHAEL,Male,0.0263
MARY,Female,0.0263
WILLIAM,Male,0.0245
DAVID,Male,0.0236
RICHARD,Male,0.017
CHARLES,Male,0.0152
JOSEPH,Male,0.014
THOMAS,Male,0.0138
PATRICIA,Female,0.0107
CHRISTOPHER,Male,0.0104
LINDA,Female,0.0104
BARBARA,Female,0.0098
DANIEL,Male,0.0097
PAUL,Male,0.0095
MARK,Male,0.0094
ELIZABETH,Female,0.0094
DONALD,Male,0.0093
GEORGE,Male,0.0093
JENNIFER,Female,0.0093
KENNETH,Male,0.0083
MARIA,Female,0.0083
SUSAN,Female,0.0079
STEVEN,Male,0.0078
EDWARD,Male,0.0078
MARGARET,Female,0.0077
BRIAN,Male,0.0074
RONALD,Male,0.0073
DOROTHY,Female,0.0073
ANTHONY,Male,0.0072
LISA,Female,0.007
KEVIN,Male,0.0067
NANCY,Female,0.0067
KAREN,Female,0.0067
BETTY,Female,0.0067
JASON,Male,0.0066
MATTHEW,Male,0.0066
HELEN,Female,0.0066
GARY,Male,0.0065
TIMOTHY,Male,0.0064
SANDRA,Female,0.0063
JOSE,Male,0.0061
LARRY,Male,0.006
JEFFREY,Male,0.0059
FRANK,Male,0.0058
DONNA,Female,0.0058
CAROL,Female,0.0057
RUTH,Female,0.0056
SCOTT,Male,0.0055
ERIC,Male,0.0054
STEPHEN,Male,0.0054
ANDREW,Male,0.0054
SHARON,Female,0.0052
MICHELLE,Female,0.0052
LAURA,Female,0.0051
SARAH,Female,0.0051
KIMBERLY,Female,0.005
RAYMOND,Male,0.0049
DEBORAH,Female,0.0049
JESSICA,Female,0.0049
SHIRLEY,Female,0.0048
CYNTHIA,Female,0.0047
ANGELA,Female,0.0047
MELISSA,Female,0.0046
BRENDA,Female,0.0046
AMY,Female,0.0045
GREGORY,Male,0.0044
JOSHUA,Male,0.0044
ANNA,Female,0.0044
JERRY,Male,0.0043
REBECCA,Female,0.0043
VIRGINIA,Female,0.0043
DENNIS,Male,0.0042
KATHLEEN,Female,0.0042
PAMELA,Female,0.0042
MARTHA,Female,0.0041
DEBRA,Female,0.0041
WALTER,Male,0.004
AMANDA,Female,0.004
STEPHANIE,Female,0.004
PATRICK,Male,0.0039
CAROLYN,Female,0.0039
PETER,Male,0.0038
CHRISTINE,Female,0.0038
MARIE,Female,0.0038
JANET,Female,0.0038
HAROLD,Male,0.0037
DOUGLAS,Male,0.0037
HENRY,Male,0.0037
CATHERINE,Female,0.0037
FRANCES,Female,0.0037
ANN,Female,0.0036
JOYCE,Female,0.0036
DIANE,Female,0.0036
ALICE,Female,0.0036
CARL,Male,0.0035
JULIE,Female,0.0035
ARTHUR,Male,0.0034
HEATHER,Female,0.0034
TERESA,Female,0.0034
DORIS,Female,0.0034
GLORIA,Female,0.0034
RYAN,Male,0.0033
ROGER,Male,0.0032
JOE,Male,0.0032
JUAN,Male,0.0032
JACK,Male,0.0032
EVELYN,Female,0.0032
JEAN,Female,0.0032
CHERYL,Female,0.0032
ALBERT,Male,0.0031
JONATHAN,Male,0.0031
JUSTIN,Male,0.0031
TERRY,Male,0.0031
GERALD,Male,0.0031
KEITH,Male,0.0031
SAMUEL,Male,0.0031
MILDRED,Female,0.0031
KATHERINE,Female,0.0031
JOAN,Female,0.0031
WILLIE,Male,0.003
ASHLEY,Female,0.003
JUDITH,Female,0.003
ROSE,Female,0.003
JANICE,Female,0.0029
RALPH,Male,0.0028
LAWRENCE,Male,0.0028
NICHOLAS,Male,0.0028
KELLY,Female,0.0028
NICOLE,Female,0.0028
JUDY,Female,0.0028
CHRISTINA,Female,0.0028
ROY,Male,0.0027
BENJAMIN,Male,0.0027
KATHY,Female,0.0027
THERESA,Female,0.0027
BEVERLY,Female,0.0027
BRUCE,Male,0.0026
BRANDON,Male,0.0026
ADAM,Male,0.0026
DENISE,Female,0.0026
TAMMY,Female,0.0026
HARRY,Male,0.0025
FRED,Male,0.0025
WAYNE,Male,0.0025
BILLY,Male,0.0025
STEVE,Male,0.0025
IRENE,Female,0.0025
JANE,Female,0.0025
LORI,Female,0.0025
LOUIS,Male,0.0024
JEREMY,Male,0.0024
AARON,Male,0.0024
RACHEL,Female,0.0024
MARILYN,Female,0.0024
ANDREA,Female,0.0024
RANDY,Male,0.0023
HOWARD,Male,0.0023
EUGENE,Male,0.0023
CARLOS,Male,0.0023
KATHRYN,Female,0.0023
LOUISE,Female,0.0023
SARA,Female,0.0023
ANNE,Female,0.0023
JACQUELINE,Female,0.0023
WANDA,Female,0.0023
RUSSELL,Male,0.0022
BOBBY,Male,0.0022
VICTOR,Male,0.0022
MARTIN,Male,0.0022
ERNEST,Male,0.0022
BONNIE,Female,0.0022
JULIA,Female,0.0022
RUBY,Female,0.0022
LOIS,Female,0.0022
TINA,Female,0.0022
PHYLLIS,Female,0.0022
NORMA,Female,0.0022
PAULA,Female,0.0022
DIANA,Female,0.0022
ANNIE,Female,0.0022
PHILLIP,Male,0.0021
TODD,Male,0.0021
JESSE,Male,0.0021
CRAIG,Male,0.0021
LILLIAN,Female,0.0021
EMILY,Female,0.0021
ROBIN,Female,0.0021
PEGGY,Female,0.0021
CRYSTAL,Female,0.0021
GLADYS,Female,0.0021
ALAN,Male,0.002
SHAWN,Male,0.002
CLARENCE,Male,0.002
SEAN,Male,0.002
PHILIP,Male,0.002
CHRIS,Male,0.002
JOHNNY,Male,0.002
RITA,Female,0.002
DAWN,Female,0.002
CONNIE,Female,0.002
FLORENCE,Female,0.002
TRACY,Female,0.002
EDNA,Female,0.002
TIFFANY,Female,0.002
CARMEN,Female,0.002
EARL,Male,0.0019
JIMMY,Male,0.0019
ANTONIO,Male,0.0019
DANNY,Male,0.0019
BRYAN,Male,0.0019
TONY,Male,0.0019
LUIS,Male,0.0019
MIKE,Male,0.0019
STANLEY,Male,0.0019
LEONARD,Male,0.0019
NATHAN,Male,0.0019
ROSA,Female,0.0019
CINDY,Female,0.0019
GRACE,Female,0.0019
WENDY,Female,0.0019
DALE,Male,0.0018
MANUEL,Male,0.0018
RODNEY,Male,0.0018
CURTIS,Male,0.0018
NORMAN,Male,0.0018
VICTORIA,Female,0.0018
EDITH,Female,0.0018
KIM,Female,0.0018
SHERRY,Female,0.0018
SYLVIA,Female,0.0018
JOSEPHINE,Female,0.0018
THELMA,Female,0.0018
SHANNON,Female,0.0018
SHEILA,Female,0.0018
ALLEN,Male,0.0017
MARVIN,Male,0.0017
VINCENT,Male,0.0017
GLENN,Male,0.0017
JEFFERY,Male,0.0017
TRAVIS,Male,0.0017
JEFF,Male,0.0017
CHAD,Male,0.0017
JACOB,Male,0.0017
ETHEL,Female,0.0017
ELLEN,Female,0.0017
ELAINE,Female,0.0017
MARJORIE,Female,0.0017
CARRIE,Female,0.0017
CHARLOTTE,Female,0.0017
MONICA,Female,0.0017
ESTHER,Female,0.0017
PAULINE,Female,0.0017
EMMA,Female,0.0017
LEE,Male,0.0016
MELVIN,Male,0.0016
ALFRED,Male,0.0016
KYLE,Male,0.0016
FRANCIS,Male,0.0016
BRADLEY,Male,0.0016
JESUS,Male,0.0016
HERBERT,Male,0.0016
JUANITA,Female,0.0016
ANITA,Female,0.0016
RHONDA,Female,0.0016
HAZEL,Female,0.0016
AMBER,Female,0.0016
EVA,Female,0.0016
DEBBIE,Female,0.0016
FREDERICK,Male,0.0015
RAY,Male,0.0015
JOEL,Male,0.0015
EDWIN,Male,0.0015
DON,Male,0.0015
APRIL,Female,0.0015
LESLIE,Female,0.0015
CLARA,Female,0.0015
LUCILLE,Female,0.0015
JAMIE,Female,0.0015
JOANNE,Female,0.0015
ELEANOR,Female,0.0015
VALERIE,Female,0.0015
DANIELLE,Female,0.0015
MEGAN,Female,0.0015
ALICIA,Female,0.0015
SUZANNE,Female,0.0015
MICHELE,Female,0.0015
GAIL,Female,0.0015
EDDIE,Male,0.0014
RICKY,Male,0.0014
TROY,Male,0.0014
RANDALL,Male,0.0014
BERTHA,Female,0.0014
DARLENE,Female,0.0014
VERONICA,Female,0.0014
JILL,Female,0.0014
ERIN,Female,0.0014
GERALDINE,Female,0.0014
LAUREN,Female,0.0014
CATHY,Female,0.0014
JOANN,Female,0.0014
LORRAINE,Female,0.0014
LYNN,Female,0.0014
SALLY,Female,0.0014
BARRY,Male,0.0013
ALEXANDER,Male,0.0013
BERNARD,Male,0.0013
MARIO,Male,0.0013
LEROY,Male,0.0013
REGINA,Female,0.0013
ERICA,Female,0.0013
BEATRICE,Female,0.0013
DOLORES,Female,0.0013
BERNICE,Female,0.0013
AUDREY,Female,0.0013
YVONNE,Female,0.0013
ANNETTE,Female,0.0013
JUNE,Female,0.0013
FRANCISCO,Male,0.0012
MARCUS,Male,0.0012
MICHEAL,Male,0.0012
THEODORE,Male,0.0012
CLIFFORD,Male,0.0012
MIGUEL,Male,0.0012
OSCAR,Male,0.0012
JAY,Male,0.0012
JIM,Male,0.0012
TOM,Male,0.0012
CALVIN,Male,0.0012
ALEX,Male,0.0012
JON,Male,0.0012
SAMANTHA,Female,0.0012
MARION,Female,0.0012
DANA,Female,0.0012
STACY,Female,0.0012
ANA,Female,0.0012
RENEE,Female,0.0012
IDA,Female,0.0012
VIVIAN,Female,0.0012
ROBERTA,Female,0.0012
HOLLY,Female,0.0012
BRITTANY,Female,0.0012
MELANIE,Female,0.0012
LORETTA,Female,0.0012
YOLANDA,Female,0.0012
JEANETTE,Female,0.0012
RONNIE,Male,0.0011
BILL,Male,0.0011
LLOYD,Male,0.0011
TOMMY,Male,0.0011
LEON,Male,0.0011
DEREK,Male,0.0011
WARREN,Male,0.0011
DARRELL,Male,0.0011
JEROME,Male,0.0011
FLOYD,Male,0.0011
LEO,Male,0.0011
ALVIN,Male,0.0011
LAURIE,Female,0.0011
KATIE,Female,0.0011
KRISTEN,Female,0.0011
VANESSA,Female,0.0011
ALMA,Female,0.0011
SUE,Female,0.0011
ELSIE,Female,0.0011
BETH,Female,0.0011
JEANNE,Female,0.0011
VICKI,Female,0.0011
CARLA,Female,0.0011
TARA,Female,0.0011
ROSEMARY,Female,0.0011
EILEEN,Female,0.0011
TERRI,Female,0.0011
TIM,Male,0.001
WESLEY,Male,0.001
GORDON,Male,0.001
DEAN,Male,0.001
GREG,Male,0.001
JORGE,Male,0.001
DUSTIN,Male,0.001
PEDRO,Male,0.001
DERRICK,Male,0.001
DAN,Male,0.001
LEWIS,Male,0.001
ZACHARY,Male,0.001
COREY,Male,0.001
HERMAN,Male,0.001
MAURICE,Male,0.001
VERNON,Male,0.001
ROBERTO,Male,0.001
CLYDE,Male,0.001
GERTRUDE,Female,0.001
LUCY,Female,0.001
TONYA,Female,0.001
ELLA,Female,0.001
STACEY,Female,0.001
WILMA,Female,0.001
GINA,Female,0.001
KRISTIN,Female,0.001
JESSIE,Female,0.001
NATALIE,Female,0.001
AGNES,Female,0.001
VERA,Female,0.001
WILLIE,Female,0.001
CHARLENE,Female,0.001
BESSIE,Female,0.001
DELORES,Female,0.001
GLEN,Male,0.0009
HECTOR,Male,0.0009
SHANE,Male,0.0009
RICARDO,Male,0.0009
SAM,Male,0.0009
RICK,Male,0.0009
LESTER,Male,0.0009
BRENT,Male,0.0009
RAMON,Male,0.0009
CHARLIE,Male,0.0009
TYLER,Male,0.0009
GILBERT,Male,0.0009
GENE,Male,0.0009
MARC,Male,0.0009
MELINDA,Female,0.0009
PEARL,Female,0.0009
ARLENE,Female,0.0009
MAUREEN,Female,0.0009
COLLEEN,Female,0.0009
ALLISON,Female,0.0009
TAMARA,Female,0.0009
JOY,Female,0.0009
GEORGIA,Female,0.0009
CONSTANCE,Female,0.0009
LILLIE,Female,0.0009
CLAUDIA,Female,0.0009
JACKIE,Female,0.0009
MARCIA,Female,0.0009
TANYA,Female,0.0009
NELLIE,Female,0.0009
MINNIE,Female,0.0009
MARLENE,Female,0.0009
HEIDI,Female,0.0009
GLENDA,Female,0.0009
LYDIA,Female,0.0009
VIOLA,Female,0.0009
COURTNEY,Female,0.0009
MARIAN,Female,0.0009
STELLA,Female,0.0009
CAROLINE,Female,0.0009
REGINALD,Male,0.0008
RUBEN,Male,0.0008
BRETT,Male,0.0008
ANGEL,Male,0.0008
NATHANIEL,Male,0.0008
RAFAEL,Male,0.0008
LESLIE,Male,0.0008
EDGAR,Male,0.0008
MILTON,Male,0.0008
RAUL,Male,0.0008
BEN,Male,0.0008
CHESTER,Male,0.0008
CECIL,Male,0.0008
DUANE,Male,0.0008
FRANKLIN,Male,0.0008
ANDRE,Male,0.0008
DORA,Female,0.0008
JO,Female,0.0008
VICKIE,Female,0.0008
MATTIE,Female,0.0008
TERRY,Female,0.0008
MAXINE,Female,0.0008
IRMA,Female,0.0008
MABEL,Female,0.0008
MARSHA,Female,0.0008
MYRTLE,Female,0.0008
LENA,Female,0.0008
CHRISTY,Female,0.0008
DEANNA,Female,0.0008
PATSY,Female,0.0008
HILDA,Female,0.0008
ELMER,Male,0.0007
BRAD,Male,0.0007
GABRIEL,Male,0.0007
RON,Male,0.0007
MITCHELL,Male,0.0007
ROLAND,Male,0.0007
ARNOLD,Male,0.0007
HARVEY,Male,0.0007
JARED,Male,0.0007
ADRIAN,Male,0.0007
KARL,Male,0.0007
CORY,Male,0.0007
CLAUDE,Male,0.0007
ERIK,Male,0.0007
DARRYL,Male,0.0007
JAMIE,Male,0.0007
NEIL,Male,0.0007
JESSIE,Male,0.0007
CHRISTIAN,Male,0.0007
JAVIER,Male,0.0007
FERNANDO,Male,0.0007
CLINTON,Male,0.0007
GWENDOLYN,Female,0.0007
JENNIE,Female,0.0007
NORA,Female,0.0007
MARGIE,Female,0.0007
NINA,Female,0.0007
CASSANDRA,Female,0.0007
LEAH,Female,0.0007
PENNY,Female,0.0007
KAY,Female,0.0007
PRISCILLA,Female,0.0007
NAOMI,Female,0.0007
CAROLE,Female,0.0007
BRANDY,Female,0.0007
OLGA,Female,0.0007
BILLIE,Female,0.0007
DIANNE,Female,0.0007
TRACEY,Female,0.0007
LEONA,Female,0.0007
JENNY,Female,0.0007
FELICIA,Female,0.0007
SONIA,Female,0.0007
MIRIAM,Female,0.0007
VELMA,Female,0.0007
BECKY,Female,0.0007
BOBBIE,Female,0.0007
VIOLET,Female,0.0007
KRISTINA,Female,0.0007
TED,Male,0.0006
MATHEW,Male,0.0006
TYRONE,Male,0.0006
DARREN,Male,0.0006
LONNIE,Male,0.0006
LANCE,Male,0.0006
CODY,Male,0.0006
JULIO,Male,0.0006
KELLY,Male,0.0006
KURT,Male,0.0006
ALLAN,Male,0.0006
NELSON,Male,0.0006
GUY,Male,0.0006
CLAYTON,Male,0.0006
HUGH,Male,0.0006
MAX,Male,0.0006
DWAYNE,Male,0.0006
DWIGHT,Male,0.0006
ARMANDO,Male,0.0006
FELIX,Male,0.0006
JIMMIE,Male,0.0006
EVERETT,Male,0.0006
JORDAN,Male,0.0006
IAN,Male,0.0006
WALLACE,Male,0.0006
KEN,Male,0.0006
BOB,Male,0.0006
JAIME,Male,0.0006
TONI,Female,0.0006
MISTY,Female,0.0006
MAE,Female,0.0006
SHELLY,Female,0.0006
DAISY,Female,0.0006
RAMONA,Female,0.0006
SHERRI,Female,0.0006
ERIKA,Female,0.0006
KATRINA,Female,0.0006
CLAIRE,Female,0.0006
LINDSEY,Female,0.0006
LINDSAY,Female,0.0006
GENEVA,Female,0.0006
GUADALUPE,Female,0.0006
BELINDA,Female,0.0006
MARGARITA,Female,0.0006
SHERYL,Female,0.0006
CORA,Female,0.0006
FAYE,Female,0.0006
ADA,Female,0.0006
NATASHA,Female,0.0006
SABRINA,Female,0.0006
ISABEL,Female,0.0006
MARGUERITE,Female,0.0006
HATTIE,Female,0.0006
HARRIET,Female,0.0006
MOLLY,Female,0.0006
CECILIA,Female,0.0006
KRISTI,Female,0.0006
BRANDI,Female,0.0006
BLANCHE,Female,0.0006
SANDY,Female,0.0006
ROSIE,Female,0.0006
JOANNA,Female,0.0006
IRIS,Female,0.0006
CASEY,Male,0.0005
ALFREDO,Male,0.0005
ALBERTO,Male,0.0005
DAVE,Male,0.0005
IVAN,Male,0.0005
JOHNNIE,Male,0.0005
SIDNEY,Male,0.0005
BYRON,Male,0.0005
JULIAN,Male,0.0005
ISAAC,Male,0.0005
MORRIS,Male,0.0005
CLIFTON,Male,0.0005
WILLARD,Male,0.0005
DARYL,Male,0.0005
ROSS,Male,0.0005
VIRGIL,Male,0.0005
ANDY,Male,0.0005
MARSHALL,Male,0.0005
SALVADOR,Male,0.0005
PERRY,Male,0.0005
KIRK,Male,0.0005
SERGIO,Male,0.0005
MARION,Male,0.0005
TRACY,Male,0.0005
SETH,Male,0.0005
KENT,Male,0.0005
TERRANCE,Male,0.0005
RENE,Male,0.0005
EDUARDO,Male,0.0005
TERRENCE,Male,0.0005
ENRIQUE,Male,0.0005
FREDDIE,Male,0.0005
WADE,Male,0.0005
EUNICE,Female,0.0005
ANGIE,Female,0.0005
INEZ,Female,0.0005
LYNDA,Female,0.0005
MADELINE,Female,0.0005
AMELIA,Female,0.0005
ALBERTA,Female,0.0005
GENEVIEVE,Female,0.0005
MONIQUE,Female,0.0005
JODI,Female,0.0005
JANIE,Female,0.0005
MAGGIE,Female,0.0005
KAYLA,Female,0.0005
SONYA,Female,0.0005
JAN,Female,0.0005
LEE,Female,0.0005
KRISTINE,Female,0.0005
CANDACE,Female,0.0005
FANNIE,Female,0.0005
MARYANN,Female,0.0005
OPAL,Female,0.0005
ALISON,Female,0.0005
YVETTE,Female,0.0005
MELODY,Female,0.0005
LUZ,Female,0.0005
SUSIE,Female,0.0005
OLIVIA,Female,0.0005
FLORA,Female,0.0005
SHELLEY,Female,0.0005
KRISTY,Female,0.0005
MAMIE,Female,0.0005
LULA,Female,0.0005
LOLA,Female,0.0005
VERNA,Female,0.0005
BEULAH,Female,0.0005
ANTOINETTE,Female,0.0005
CANDICE,Female,0.0005
JUANA,Female,0.0005
JEANNETTE,Female,0.0005
PAM,Female,0.0005
KELLI,Female,0.0005
HANNAH,Female,0.0005
WHITNEY,Female,0.0005
BRIDGET,Female,0.0005
AUSTIN,Male,0.0004
STUART,Male,0.0004
FREDRICK,Male,0.0004
ARTURO,Male,0.0004
ALEJANDRO,Male,0.0004
JACKIE,Male,0.0004
JOEY,Male,0.0004
NICK,Male,0.0004
LUTHER,Male,0.0004
WENDELL,Male,0.0004
JEREMIAH,Male,0.0004
EVAN,Male,0.0004
JULIUS,Male,0.0004
DANA,Male,0.0004
DONNIE,Male,0.0004
OTIS,Male,0.0004
SHANNON,Male,0.0004
TREVOR,Male,0.0004
OLIVER,Male,0.0004
LUKE,Male,0.0004
HOMER,Male,0.0004
GERARD,Male,0.0004
DOUG,Male,0.0004
KENNY,Male,0.0004
HUBERT,Male,0.0004
ANGELO,Male,0.0004
SHAUN,Male,0.0004
LYLE,Male,0.0004
MATT,Male,0.0004
LYNN,Male,0.0004
ALFONSO,Male,0.0004
ORLANDO,Male,0.0004
REX,Male,0.0004
CARLTON,Male,0.0004
ERNESTO,Male,0.0004
CAMERON,Male,0.0004
NEAL,Male,0.0004
PABLO,Male,0.0004
LORENZO,Male,0.0004
OMAR,Male,0.0004
WILBUR,Male,0.0004
BLAKE,Male,0.0004
GRANT,Male,0.0004
HORACE,Male,0.0004
RODERICK,Male,0.0004
KERRY,Male,0.0004
ABRAHAM,Male,0.0004
WILLIS,Male,0.0004
RICKEY,Male,0.0004
JEAN,Male,0.0004
IRA,Male,0.0004
KARLA,Female,0.0004
CELIA,Female,0.0004
LATOYA,Female,0.0004
PATTY,Female,0.0004
SHELIA,Female,0.0004
GAYLE,Female,0.0004
DELLA,Female,0.0004
VICKY,Female,0.0004
LYNNE,Female,0.0004
SHERI,Female,0.0004
MARIANNE,Female,0.0004
KARA,Female,0.0004
JACQUELYN,Female,0.0004
ERMA,Female,0.0004
BLANCA,Female,0.0004
MYRA,Female,0.0004
LETICIA,Female,0.0004
PAT,Female,0.0004
KRISTA,Female,0.0004
ROXANNE,Female,0.0004
ANGELICA,Female,0.0004
JOHNNIE,Female,0.0004
ROBYN,Female,0.0004
FRANCIS,Female,0.0004
ADRIENNE,Female,0.0004
ROSALIE,Female,0.0004
ALEXANDRA,Female,0.0004
BROOKE,Female,0.0004
BETHANY,Female,0.0004
SADIE,Female,0.0004
BERNADETTE,Female,0.0004
TRACI,Female,0.0004
JODY,Female,0.0004
KENDRA,Female,0.0004
JASMINE,Female,0.0004
NICHOLE,Female,0.0004
RACHAEL,Female,0.0004
CHELSEA,Female,0.0004
MABLE,Female,0.0004
ERNESTINE,Female,0.0004
MURIEL,Female,0.0004
MARCELLA,Female,0.0004
ELENA,Female,0.0004
KRYSTAL,Female,0.0004
ANGELINA,Female,0.0004
NADINE,Female,0.0004
KARI,Female,0.0004
ESTELLE,Female,0.0004
DIANNA,Female,0.0004
PAULETTE,Female,0.0004
LORA,Female,0.0004
MONA,Female,0.0004
DOREEN,Female,0.0004
ROSEMARIE,Female,0.0004
ANGEL,Female,0.0004
DESIREE,Female,0.0004
ANTONIA,Female,0.0004
ANDRES,Male,0.0003
CESAR,Male,0.0003
JOHNATHAN,Male,0.0003
MALCOLM,Male,0.0003
RUDOLPH,Male,0.0003
DAMON,Male,0.0003
KELVIN,Male,0.0003
RUDY,Male,0.0003
PRESTON,Male,0.0003
ALTON,Male,0.0003
ARCHIE,Male,0.0003
MARCO,Male,0.0003
WM,Male,0.0003
PETE,Male,0.0003
RANDOLPH,Male,0.0003
GARRY,Male,0.0003
GEOFFREY,Male,0.0003
JONATHON,Male,0.0003
FELIPE,Male,0.0003
BENNIE,Male,0.0003
GERARDO,Male,0.0003
ED,Male,0.0003
DOMINIC,Male,0.0003
ROBIN,Male,0.0003
LOREN,Male,0.0003
DELBERT,Male,0.0003
COLIN,Male,0.0003
GUILLERMO,Male,0.0003
EARNEST,Male,0.0003
LUCAS,Male,0.0003
BENNY,Male,0.0003
NOEL,Male,0.0003
SPENCER,Male,0.0003
RODOLFO,Male,0.0003
MYRON,Male,0.0003
EDMUND,Male,0.0003
GARRETT,Male,0.0003
SALVATORE,Male,0.0003
CEDRIC,Male,0.0003
LOWELL,Male,0.0003
GREGG,Male,0.0003
SHERMAN,Male,0.0003
WILSON,Male,0.0003
DEVIN,Male,0.0003
SYLVESTER,Male,0.0003
KIM,Male,0.0003
ROOSEVELT,Male,0.0003
ISRAEL,Male,0.0003
JERMAINE,Male,0.0003
FORREST,Male,0.0003
WILBERT,Male,0.0003
LELAND,Male,0.0003
SIMON,Male,0.0003
GUADALUPE,Male,0.0003
CLARK,Male,0.0003
IRVING,Male,0.0003
CARROLL,Male,0.0003
BRYANT,Male,0.0003
OWEN,Male,0.0003
RUFUS,Male,0.0003
WOODROW,Male,0.0003
SAMMY,Male,0.0003
KRISTOPHER,Male,0.0003
MACK,Male,0.0003
LEVI,Male,0.0003
MARCOS,Male,0.0003
GUSTAVO,Male,0.0003
JAKE,Male,0.0003
HOPE,Female,0.0003
GINGER,Female,0.0003
JANIS,Female,0.0003
BETSY,Female,0.0003
CHRISTIE,Female,0.0003
FREDA,Female,0.0003
MERCEDES,Female,0.0003
MEREDITH,Female,0.0003
LYNETTE,Female,0.0003
TERI,Female,0.0003
CRISTINA,Female,0.0003
EULA,Female,0.0003
LEIGH,Female,0.0003
MEGHAN,Female,0.0003
SOPHIA,Female,0.0003
ELOISE,Female,0.0003
ROCHELLE,Female,0.0003
GRETCHEN,Female,0.0003
CECELIA,Female,0.0003
RAQUEL,Female,0.0003
HENRIETTA,Female,0.0003
ALYSSA,Female,0.0003
JANA,Female,0.0003
KELLEY,Female,0.0003
GWEN,Female,0.0003
KERRY,Female,0.0003
JENNA,Female,0.0003
TRICIA,Female,0.0003
LAVERNE,Female,0.0003
OLIVE,Female,0.0003
ALEXIS,Female,0.0003
TASHA,Female,0.0003
SILVIA,Female,0.0003
ELVIRA,Female,0.0003
CASEY,Female,0.0003
DELIA,Female,0.0003
SOPHIE,Female,0.0003
KATE,Female,0.0003
PATTI,Female,0.0003
LORENA,Female,0.0003
KELLIE,Female,0.0003
SONJA,Female,0.0003
LILA,Female,0.0003
LANA,Female,0.0003
DARLA,Female,0.0003
MAY,Female,0.0003
MINDY,Female,0.0003
ESSIE,Female,0.0003
MANDY,Female,0.0003
LORENE,Female,0.0003
ELSA,Female,0.0003
JOSEFINA,Female,0.0003
JEANNIE,Female,0.0003
MIRANDA,Female,0.0003
DIXIE,Female,0.0003
LUCIA,Female,0.0003
MARTA,Female,0.0003
FAITH,Female,0.0003
LELA,Female,0.0003
JOHANNA,Female,0.0003
SHARI,Female,0.0003
CAMILLE,Female,0.0003
TAMI,Female,0.0003
SHAWNA,Female,0.0003
ELISA,Female,0.0003
EBONY,Female,0.0003
MELBA,Female,0.0003
ORA,Female,0.0003
NETTIE,Female,0.0003
TABITHA,Female,0.0003
OLLIE,Female,0.0003
JAIME,Female,0.0003
WINIFRED,Female,0.0003
KRISTIE,Female,0.0003
MARINA,Female,0.0003
ALISHA,Female,0.0003
AIMEE,Female,0.0003
RENA,Female,0.0003
MYRNA,Female,0.0003
MARLA,Female,0.0003
TAMMIE,Female,0.0003
LATASHA,Female,0.0003
BONITA,Female,0.0003
PATRICE,Female,0.0003
RONDA,Female,0.0003
SHERRIE,Female,0.0003
ADDIE,Female,0.0003
FRANCINE,Female,0.0003
DELORIS,Female,0.0003
STACIE,Female,0.0003
ADRIANA,Female,0.0003
CHERI,Female,0.0003
SHELBY,Female,0.0003
ABIGAIL,Female,0.0003
CELESTE,Female,0.0003
JEWEL,Female,0.0003
CARA,Female,0.0003
ADELE,Female,0.0003
REBEKAH,Female,0.0003
LUCINDA,Female,0.0003
DORTHY,Female,0.0003
LIONEL,Male,0.0002
MARTY,Male,0.0002
TAYLOR,Male,0.0002
ELLIS,Male,0.0002
DALLAS,Male,0.0002
GILBERTO,Male,0.0002
CLINT,Male,0.0002
NICOLAS,Male,0.0002
LAURENCE,Male,0.0002
ISMAEL,Male,0.0002
ORVILLE,Male,0.0002
DREW,Male,0.0002
JODY,Male,0.0002
ERVIN,Male,0.0002
DEWEY,Male,0.0002
AL,Male,0.0002
WILFRED,Male,0.0002
JOSH,Male,0.0002
HUGO,Male,0.0002
IGNACIO,Male,0.0002
CALEB,Male,0.0002
TOMAS,Male,0.0002
SHELDON,Male,0.0002
ERICK,Male,0.0002
FRANKIE,Male,0.0002
STEWART,Male,0.0002
DOYLE,Male,0.0002
DARREL,Male,0.0002
ROGELIO,Male,0.0002
TERENCE,Male,0.0002
SANTIAGO,Male,0.0002
ALONZO,Male,0.0002
ELIAS,Male,0.0002
BERT,Male,0.0002
ELBERT,Male,0.0002
RAMIRO,Male,0.0002
CONRAD,Male,0.0002
PAT,Male,0.0002
NOAH,Male,0.0002
GRADY,Male,0.0002
PHIL,Male,0.0002
CORNELIUS,Male,0.0002
LAMAR,Male,0.0002
ROLANDO,Male,0.0002
CLAY,Male,0.0002
PERCY,Male,0.0002
DEXTER,Male,0.0002
BRADFORD,Male,0.0002
MERLE,Male,0.0002
DARIN,Male,0.0002
AMOS,Male,0.0002
TERRELL,Male,0.0002
MOSES,Male,0.0002
IRVIN,Male,0.0002
SAUL,Male,0.0002
ROMAN,Male,0.0002
DARNELL,Male,0.0002
RANDAL,Male,0.0002
TOMMIE,Male,0.0002
TIMMY,Male,0.0002
DARRIN,Male,0.0002
WINSTON,Male,0.0002
BRENDAN,Male,0.0002
TOBY,Male,0.0002
VAN,Male,0.0002
ABEL,Male,0.0002
DOMINICK,Male,0.0002
BOYD,Male,0.0002
COURTNEY,Male,0.0002
JAN,Male,0.0002
EMILIO,Male,0.0002
ELIJAH,Male,0.0002
CARY,Male,0.0002
DOMINGO,Male,0.0002
SANTOS,Male,0.0002
AUBREY,Male,0.0002
EMMETT,Male,0.0002
MARLON,Male,0.0002
EMANUEL,Male,0.0002
JERALD,Male,0.0002
EDMOND,Male,0.0002
EMIL,Male,0.0002
DEWAYNE,Male,0.0002
WILL,Male,0.0002
OTTO,Male,0.0002
TEDDY,Male,0.0002
REYNALDO,Male,0.0002
BRET,Male,0.0002
MORGAN,Male,0.0002
JESS,Male,0.0002
TRENT,Male,0.0002
HUMBERTO,Male,0.0002
EMMANUEL,Male,0.0002
STEPHAN,Male,0.0002
LOUIE,Male,0.0002
VICENTE,Male,0.0002
LAMONT,Male,0.0002
STACY,Male,0.0002
GARLAND,Male,0.0002
MILES,Male,0.0002
MICAH,Male,0.0002
EFRAIN,Male,0.0002
BILLIE,Male,0.0002
LOGAN,Male,0.0002
HEATH,Male,0.0002
RODGER,Male,0.0002
HARLEY,Male,0.0002
DEMETRIUS,Male,0.0002
ETHAN,Male,0.0002
ELDON,Male,0.0002
ROCKY,Male,0.0002
PIERRE,Male,0.0002
JUNIOR,Male,0.0002
FREDDY,Male,0.0002
ELI,Male,0.0002
BRYCE,Male,0.0002
ANTOINE,Male,0.0002
ROBBIE,Male,0.0002
KENDALL,Male,0.0002
ROYCE,Male,0.0002
STERLING,Male,0.0002
MICKEY,Male,0.0002
CHASE,Male,0.0002
GROVER,Male,0.0002
ELTON,Male,0.0002
CLEVELAND,Male,0.0002
DYLAN,Male,0.0002
CHUCK,Male,0.0002
DAMIAN,Male,0.0002
REUBEN,Male,0.0002
STAN,Male,0.0002
AUGUST,Male,0.0002
LEONARDO,Male,0.0002
JASPER,Male,0.0002
RUSSEL,Male,0.0002
ERWIN,Male,0.0002
BENITO,Male,0.0002
HANS,Male,0.0002
MONTE,Male,0.0002
BLAINE,Male,0.0002
ERNIE,Male,0.0002
CURT,Male,0.0002
QUENTIN,Male,0.0002
AGUSTIN,Male,0.0002
MURRAY,Male,0.0002
CHRIS,Female,0.0002
EFFIE,Female,0.0002
TRINA,Female,0.0002
REBA,Female,0.0002
SHAWN,Female,0.0002
SALLIE,Female,0.0002
AURORA,Female,0.0002
LENORA,Female,0.0002
ETTA,Female,0.0002
LOTTIE,Female,0.0002
KERRI,Female,0.0002
TRISHA,Female,0.0002
NIKKI,Female,0.0002
ESTELLA,Female,0.0002
FRANCISCA,Female,0.0002
JOSIE,Female,0.0002
TRACIE,Female,0.0002
MARISSA,Female,0.0002
KARIN,Female,0.0002
BRITTNEY,Female,0.0002
JANELLE,Female,0.0002
LOURDES,Female,0.0002
LAUREL,Female,0.0002
HELENE,Female,0.0002
FERN,Female,0.0002
ELVA,Female,0.0002
CORINNE,Female,0.0002
KELSEY,Female,0.0002
INA,Female,0.0002
BETTIE,Female,0.0002
ELISABETH,Female,0.0002
AIDA,Female,0.0002
CAITLIN,Female,0.0002
INGRID,Female,0.0002
IVA,Female,0.0002
EUGENIA,Female,0.0002
CHRISTA,Female,0.0002
GOLDIE,Female,0.0002
CASSIE,Female,0.0002
MAUDE,Female,0.0002
JENIFER,Female,0.0002
THERESE,Female,0.0002
FRANKIE,Female,0.0002
DENA,Female,0.0002
LORNA,Female,0.0002
JANETTE,Female,0.0002
LATONYA,Female,0.0002
CANDY,Female,0.0002
MORGAN,Female,0.0002
CONSUELO,Female,0.0002
TAMIKA,Female,0.0002
ROSETTA,Female,0.0002
DEBORA,Female,0.0002
CHERIE,Female,0.0002
POLLY,Female,0.0002
DINA,Female,0.0002
JEWELL,Female,0.0002
FAY,Female,0.0002
JILLIAN,Female,0.0002
DOROTHEA,Female,0.0002
NELL,Female,0.0002
TRUDY,Female,0.0002
ESPERANZA,Female,0.0002
PATRICA,Female,0.0002
KIMBERLEY,Female,0.0002
SHANNA,Female,0.0002
HELENA,Female,0.0002
CAROLINA,Female,0.0002
CLEO,Female,0.0002
STEFANIE,Female,0.0002
ROSARIO,Female,0.0002
OLA,Female,0.0002
JANINE,Female,0.0002
MOLLIE,Female,0.0002
LUPE,Female,0.0002
ALISA,Female,0.0002
LOU,Female,0.0002
MARIBEL,Female,0.0002
SUSANNE,Female,0.0002
BETTE,Female,0.0002
SUSANA,Female,0.0002
ELISE,Female,0.0002
CECILE,Female,0.0002
ISABELLE,Female,0.0002
LESLEY,Female,0.0002
JOCELYN,Female,0.0002
PAIGE,Female,0.0002
JONI,Female,0.0002
RACHELLE,Female,0.0002
LEOLA,Female,0.0002
DAPHNE,Female,0.0002
ALTA,Female,0.0002
ESTER,Female,0.0002
PETRA,Female,0.0002
GRACIELA,Female,0.0002
IMOGENE,Female,0.0002
JOLENE,Female,0.0002
KEISHA,Female,0.0002
LACEY,Female,0.0002
GLENNA,Female,0.0002
GABRIELA,Female,0.0002
KERI,Female,0.0002
URSULA,Female,0.0002
LIZZIE,Female,0.0002
KIRSTEN,Female,0.0002
SHANA,Female,0.0002
ADELINE,Female,0.0002
MAYRA,Female,0.0002
JAYNE,Female,0.0002
JACLYN,Female,0.0002
GRACIE,Female,0.0002
SONDRA,Female,0.0002
CARMELA,Female,0.0002
MARISA,Female,0.0002
ROSALIND,Female,0.0002
CHARITY,Female,0.0002
TONIA,Female,0.0002
BEATRIZ,Female,0.0002
MARISOL,Female,0.0002
CLARICE,Female,0.0002
JEANINE,Female,0.0002
SHEENA,Female,0.0002
ANGELINE,Female,0.0002
FRIEDA,Female,0.0002
LILY,Female,0.0002
ROBBIE,Female,0.0002
SHAUNA,Female,0.0002
MILLIE,Female,0.0002
CLAUDETTE,Female,0.0002
CATHLEEN,Female,0.0002
ANGELIA,Female,0.0002
GABRIELLE,Female,0.0002
AUTUMN,Female,0.0002
KATHARINE,Female,0.0002
SUMMER,Female,0.0002
JODIE,Female,0.0002
STACI,Female,0.0002
LEA,Female,0.0002
CHRISTI,Female,0.0002
JIMMIE,Female,0.0002
JUSTINE,Female,0.0002
ELMA,Female,0.0002
LUELLA,Female,0.0002
MARGRET,Female,0.0002
DOMINIQUE,Female,0.0002
SOCORRO,Female,0.0002
RENE,Female,0.0002
MARTINA,Female,0.0002
MARGO,Female,0.0002
MAVIS,Female,0.0002
CALLIE,Female,0.0002
BOBBI,Female,0.0002
MARITZA,Female,0.0002
LUCILE,Female,0.0002
LEANNE,Female,0.0002
JEANNINE,Female,0.0002
DEANA,Female,0.0002
AILEEN,Female,0.0002
LORIE,Female,0.0002
LADONNA,Female,0.0002
WILLA,Female,0.0002
MANUELA,Female,0.0002
GALE,Female,0.0002
SELMA,Female,0.0002
DOLLY,Female,0.0002
SYBIL,Female,0.0002
ABBY,Female,0.0002
LARA,Female,0.0002
DALE,Female,0.0002
IVY,Female,0.0002
DEE,Female,0.0002
WINNIE,Female,0.0002
MARCY,Female,0.0002
LUISA,Female,0.0002
JERI,Female,0.0002
MAGDALENA,Female,0.0002
OFELIA,Female,0.0002
MEAGAN,Female,0.0002
AUDRA,Female,0.0002
MATILDA,Female,0.0002
LEILA,Female,0.0002
CORNELIA,Female,0.0002
BIANCA,Female,0.0002
SIMONE,Female,0.0002
BETTYE,Female,0.0002
RANDI,Female,0.0002
VIRGIE,Female,0.0002
LATISHA,Female,0.0002
BARBRA,Female,0.0002
GEORGINA,Female,0.0002
ELIZA,Female,0.0002
LEANN,Female,0.0002
BRIDGETTE,Female,0.0002
JAMAL,Male,0.0001
DEVON,Male,0.0001
ADOLFO,Male,0.0001
HARRISON,Male,0.0001
TYSON,Male,0.0001
BURTON,Male,0.0001
BRADY,Male,0.0001
ELLIOTT,Male,0.0001
WILFREDO,Male,0.0001
BART,Male,0.0001
JARROD,Male,0.0001
VANCE,Male,0.0001
DENIS,Male,0.0001
DAMIEN,Male,0.0001
JOAQUIN,Male,0.0001
HARLAN,Male,0.0001
DESMOND,Male,0.0001
ELLIOT,Male,0.0001
DARWIN,Male,0.0001
ASHLEY,Male,0.0001
GREGORIO,Male,0.0001
BUDDY,Male,0.0001
XAVIER,Male,0.0001
KERMIT,Male,0.0001
ROSCOE,Male,0.0001
ESTEBAN,Male,0.0001
ANTON,Male,0.0001
SOLOMON,Male,0.0001
SCOTTY,Male,0.0001
NORBERT,Male,0.0001
ELVIN,Male,0.0001
WILLIAMS,Male,0.0001
NOLAN,Male,0.0001
CAREY,Male,0.0001
ROD,Male,0.0001
QUINTON,Male,0.0001
HAL,Male,0.0001
BRAIN,Male,0.0001
ROB,Male,0.0001
ELWOOD,Male,0.0001
KENDRICK,Male,0.0001
DARIUS,Male,0.0001
MOISES,Male,0.0001
SON,Male,0.0001
MARLIN,Male,0.0001
FIDEL,Male,0.0001
THADDEUS,Male,0.0001
CLIFF,Male,0.0001
MARCEL,Male,0.0001
ALI,Male,0.0001
JACKSON,Male,0.0001
RAPHAEL,Male,0.0001
BRYON,Male,0.0001
ARMAND,Male,0.0001
ALVARO,Male,0.0001
JEFFRY,Male,0.0001
DANE,Male,0.0001
JOESPH,Male,0.0001
THURMAN,Male,0.0001
NED,Male,0.0001
SAMMIE,Male,0.0001
RUSTY,Male,0.0001
MICHEL,Male,0.0001
MONTY,Male,0.0001
RORY,Male,0.0001
FABIAN,Male,0.0001
REGGIE,Male,0.0001
MASON,Male,0.0001
GRAHAM,Male,0.0001
KRIS,Male,0.0001
ISAIAH,Male,0.0001
VAUGHN,Male,0.0001
GUS,Male,0.0001
AVERY,Male,0.0001
LOYD,Male,0.0001
DIEGO,Male,0.0001
ALEXIS,Male,0.0001
ADOLPH,Male,0.0001
NORRIS,Male,0.0001
MILLARD,Male,0.0001
ROCCO,Male,0.0001
GONZALO,Male,0.0001
DERICK,Male,0.0001
RODRIGO,Male,0.0001
GERRY,Male,0.0001
STACEY,Male,0.0001
CARMEN,Male,0.0001
WILEY,Male,0.0001
RIGOBERTO,Male,0.0001
ALPHONSO,Male,0.0001
TY,Male,0.0001
SHELBY,Male,0.0001
RICKIE,Male,0.0001
NOE,Male,0.0001
VERN,Male,0.0001
BOBBIE,Male,0.0001
REED,Male,0.0001
JEFFERSON,Male,0.0001
ELVIS,Male,0.0001
BERNARDO,Male,0.0001
MAURICIO,Male,0.0001
HIRAM,Male,0.0001
DONOVAN,Male,0.0001
BASIL,Male,0.0001
RILEY,Male,0.0001
OLLIE,Male,0.0001
NICKOLAS,Male,0.0001
MAYNARD,Male,0.0001
SCOT,Male,0.0001
VINCE,Male,0.0001
QUINCY,Male,0.0001
EDDY,Male,0.0001
SEBASTIAN,Male,0.0001
FEDERICO,Male,0.0001
ULYSSES,Male,0.0001
HERIBERTO,Male,0.0001
DONNELL,Male,0.0001
COLE,Male,0.0001
DENNY,Male,0.0001
DAVIS,Male,0.0001
GAVIN,Male,0.0001
EMERY,Male,0.0001
WARD,Male,0.0001
ROMEO,Male,0.0001
JAYSON,Male,0.0001
DION,Male,0.0001
DANTE,Male,0.0001
CLEMENT,Male,0.0001
COY,Male,0.0001
ODELL,Male,0.0001
MAXWELL,Male,0.0001
JARVIS,Male,0.0001
BRUNO,Male,0.0001
ISSAC,Male,0.0001
MARY,Male,0.0001
DUDLEY,Male,0.0001
BROCK,Male,0.0001
SANFORD,Male,0.0001
COLBY,Male,0.0001
CARMELO,Male,0.0001
BARNEY,Male,0.0001
NESTOR,Male,0.0001
HOLLIS,Male,0.0001
STEFAN,Male,0.0001
DONNY,Male,0.0001
ART,Male,0.0001
LINWOOD,Male,0.0001
BEAU,Male,0.0001
WELDON,Male,0.0001
GALEN,Male,0.0001
ISIDRO,Male,0.0001
TRUMAN,Male,0.0001
DELMAR,Male,0.0001
JOHNATHON,Male,0.0001
SILAS,Male,0.0001
FREDERIC,Male,0.0001
DICK,Male,0.0001
KIRBY,Male,0.0001
IRWIN,Male,0.0001
CRUZ,Male,0.0001
MERLIN,Male,0.0001
MERRILL,Male,0.0001
CHARLEY,Male,0.0001
MARCELINO,Male,0.0001
LANE,Male,0.0001
HARRIS,Male,0.0001
CLEO,Male,0.0001
CARLO,Male,0.0001
TRENTON,Male,0.0001
KURTIS,Male,0.0001
HUNTER,Male,0.0001
AURELIO,Male,0.0001
WINFRED,Male,0.0001
VITO,Male,0.0001
COLLIN,Male,0.0001
DENVER,Male,0.0001
CARTER,Male,0.0001
LEONEL,Male,0.0001
EMORY,Male,0.0001
PASQUALE,Male,0.0001
MOHAMMAD,Male,0.0001
MARIANO,Male,0.0001
DANIAL,Male,0.0001
BLAIR,Male,0.0001
LANDON,Male,0.0001
DIRK,Male,0.0001
BRANDEN,Male,0.0001
ADAN,Male,0.0001
NUMBERS,Male,0.0001
CLAIR,Male,0.0001
BUFORD,Male,0.0001
GERMAN,Male,0.0001
BERNIE,Male,0.0001
WILMER,Male,0.0001
JOAN,Male,0.0001
EMERSON,Male,0.0001
ZACHERY,Male,0.0001
FLETCHER,Male,0.0001
JACQUES,Male,0.0001
ERROL,Male,0.0001
DALTON,Male,0.0001
MONROE,Male,0.0001
JOSUE,Male,0.0001
DOMINIQUE,Male,0.0001
EDWARDO,Male,0.0001
BOOKER,Male,0.0001
WILFORD,Male,0.0001
SONNY,Male,0.0001
SHELTON,Male,0.0001
CARSON,Male,0.0001
THERON,Male,0.0001
RAYMUNDO,Male,0.0001
DAREN,Male,0.0001
TRISTAN,Male,0.0001
HOUSTON,Male,0.0001
ROBBY,Male,0.0001
LINCOLN,Male,0.0001
JAME,Male,0.0001
GENARO,Male,0.0001
GALE,Male,0.0001
BENNETT,Male,0.0001
OCTAVIO,Male,0.0001
CORNELL,Male,0.0001
LAVERNE,Male,0.0001
HUNG,Male,0.0001
ARRON,Male,0.0001
ANTONY,Male,0.0001
HERSCHEL,Male,0.0001
ALVA,Male,0.0001
GIOVANNI,Male,0.0001
GARTH,Male,0.0001
CYRUS,Male,0.0001
CYRIL,Male,0.0001
RONNY,Male,0.0001
STEVIE,Male,0.0001
LON,Male,0.0001
FREEMAN,Male,0.0001
ERIN,Male,0.0001
DUNCAN,Male,0.0001
KENNITH,Male,0.0001
CARMINE,Male,0.0001
AUGUSTINE,Male,0.0001
YOUNG,Male,0.0001
ERICH,Male,0.0001
CHADWICK,Male,0.0001
WILBURN,Male,0.0001
RUSS,Male,0.0001
REID,Male,0.0001
MYLES,Male,0.0001
ANDERSON,Male,0.0001
MORTON,Male,0.0001
JONAS,Male,0.0001
FOREST,Male,0.0001
MITCHEL,Male,0.0001
MERVIN,Male,0.0001
ZANE,Male,0.0001
RICH,Male,0.0001
JAMEL,Male,0.0001
LAZARO,Male,0.0001
ALPHONSE,Male,0.0001
RANDELL,Male,0.0001
MAJOR,Male,0.0001
JOHNIE,Male,0.0001
JARRETT,Male,0.0001
BROOKS,Male,0.0001
ARIEL,Male,0.0001
ABDUL,Male,0.0001
DUSTY,Male,0.0001
LUCIANO,Male,0.0001
LINDSEY,Male,0.0001
TRACEY,Male,0.0001
SEYMOUR,Male,0.0001
SCOTTIE,Male,0.0001
EUGENIO,Male,0.0001
MOHAMMED,Male,0.0001
SANDY,Male,0.0001
VALENTIN,Male,0.0001
CHANCE,Male,0.0001
ARNULFO,Male,0.0001
LUCIEN,Male,0.0001
FERDINAND,Male,0.0001
THAD,Male,0.0001
EZRA,Male,0.0001
SYDNEY,Male,0.0001
ALDO,Male,0.0001
RUBIN,Male,0.0001
ROYAL,Male,0.0001
MITCH,Male,0.0001
EARLE,Male,0.0001
ABE,Male,0.0001
WYATT,Male,0.0001
MARQUIS,Male,0.0001
LANNY,Male,0.0001
KAREEM,Male,0.0001
JAMAR,Male,0.0001
BORIS,Male,0.0001
ISIAH,Male,0.0001
EMILE,Male,0.0001
ELMO,Male,0.0001
ARON,Male,0.0001
LEOPOLDO,Male,0.0001
EVERETTE,Male,0.0001
JOSEF,Male,0.0001
GAIL,Male,0.0001
ELOY,Male,0.0001
DORIAN,Male,0.0001
RODRICK,Male,0.0001
REINALDO,Male,0.0001
LUCIO,Male,0.0001
JERROD,Male,0.0001
WESTON,Male,0.0001
HERSHEL,Male,0.0001
BARTON,Male,0.0001
PARKER,Male,0.0001
LEMUEL,Male,0.0001
LAVERN,Male,0.0001
BURT,Male,0.0001
JULES,Male,0.0001
GIL,Male,0.0001
ELISEO,Male,0.0001
AHMAD,Male,0.0001
NIGEL,Male,0.0001
EFREN,Male,0.0001
ANTWAN,Male,0.0001
ALDEN,Male,0.0001
MARGARITO,Male,0.0001
COLEMAN,Male,0.0001
REFUGIO,Male,0.0001
DINO,Male,0.0001
OSVALDO,Male,0.0001
LES,Male,0.0001
DEANDRE,Male,0.0001
NORMAND,Male,0.0001
KIETH,Male,0.0001
IVORY,Male,0.0001
ANDREA,Male,0.0001
TREY,Male,0.0001
NORBERTO,Male,0.0001
NAPOLEON,Male,0.0001
JEROLD,Male,0.0001
FRITZ,Male,0.0001
ROSENDO,Male,0.0001
MILFORD,Male,0.0001
SANG,Male,0.0001
DEON,Male,0.0001
CHRISTOPER,Male,0.0001
ALFONZO,Male,0.0001
LYMAN,Male,0.0001
JOSIAH,Male,0.0001
BRANT,Male,0.0001
WILTON,Male,0.0001
RICO,Male,0.0001
JAMAAL,Male,0.0001
DEWITT,Male,0.0001
CAROL,Male,0.0001
BRENTON,Male,0.0001
YONG,Male,0.0001
OLIN,Male,0.0001
FOSTER,Male,0.0001
FAUSTINO,Male,0.0001
CLAUDIO,Male,0.0001
JUDSON,Male,0.0001
GINO,Male,0.0001
EDGARDO,Male,0.0001
BERRY,Male,0.0001
ALEC,Male,0.0001
TANNER,Male,0.0001
JARRED,Male,0.0001
DONN,Male,0.0001
TRINIDAD,Male,0.0001
TAD,Male,0.0001
SHIRLEY,Male,0.0001
PRINCE,Male,0.0001
PORFIRIO,Male,0.0001
ODIS,Male,0.0001
MARIA,Male,0.0001
LENARD,Male,0.0001
CHAUNCEY,Male,0.0001
CHANG,Male,0.0001
TOD,Male,0.0001
MEL,Male,0.0001
MARCELO,Male,0.0001
KORY,Male,0.0001
AUGUSTUS,Male,0.0001
KEVEN,Male,0.0001
HILARIO,Male,0.0001
BUD,Male,0.0001
SAL,Male,0.0001
ROSARIO,Male,0.0001
ORVAL,Male,0.0001
MAURO,Male,0.0001
DANNIE,Male,0.0001
ZACHARIAH,Male,0.0001
OLEN,Male,0.0001
ANIBAL,Male,0.0001
MILO,Male,0.0001
JED,Male,0.0001
FRANCES,Male,0.0001
THANH,Male,0.0001
DILLON,Male,0.0001
AMADO,Male,0.0001
NEWTON,Male,0.0001
CONNIE,Male,0.0001
LENNY,Male,0.0001
TORY,Male,0.0001
RICHIE,Male,0.0001
LUPE,Male,0.0001
HORACIO,Male,0.0001
BRICE,Male,0.0001
MOHAMED,Male,0.0001
DELMER,Male,0.0001
DARIO,Male,0.0001
REYES,Male,0.0001
DEE,Male,0.0001
MAC,Male,0.0001
JONAH,Male,0.0001
JERROLD,Male,0.0001
ROBT,Male,0.0001
HANK,Male,0.0001
SUNG,Male,0.0001
RUPERT,Male,0.0001
ROLLAND,Male,0.0001
KENTON,Male,0.0001
DAMION,Male,0.0001
CHI,Male,0.0001
ANTONE,Male,0.0001
WALDO,Male,0.0001
FREDRIC,Male,0.0001
BRADLY,Male,0.0001
QUINN,Male,0.0001
KIP,Male,0.0001
BURL,Male,0.0001
WALKER,Male,0.0001
TYREE,Male,0.0001
JEFFEREY,Male,0.0001
AHMED,Male,0.0001
RHODA,Female,0.0001
HALEY,Female,0.0001
ADELA,Female,0.0001
NOLA,Female,0.0001
BERNADINE,Female,0.0001
FLOSSIE,Female,0.0001
ILA,Female,0.0001
GRETA,Female,0.0001
RUTHIE,Female,0.0001
NELDA,Female,0.0001
MINERVA,Female,0.0001
LILLY,Female,0.0001
TERRIE,Female,0.0001
LETHA,Female,0.0001
HILARY,Female,0.0001
ESTELA,Female,0.0001
VALARIE,Female,0.0001
BRIANNA,Female,0.0001
ROSALYN,Female,0.0001
EARLINE,Female,0.0001
CATALINA,Female,0.0001
AVA,Female,0.0001
MIA,Female,0.0001
CLARISSA,Female,0.0001
LIDIA,Female,0.0001
CORRINE,Female,0.0001
ALEXANDRIA,Female,0.0001
CONCEPCION,Female,0.0001
TIA,Female,0.0001
SHARRON,Female,0.0001
RAE,Female,0.0001
DONA,Female,0.0001
ERICKA,Female,0.0001
JAMI,Female,0.0001
ELNORA,Female,0.0001
CHANDRA,Female,0.0001
LENORE,Female,0.0001
NEVA,Female,0.0001
MARYLOU,Female,0.0001
MELISA,Female,0.0001
TABATHA,Female,0.0001
SERENA,Female,0.0001
AVIS,Female,0.0001
ALLIE,Female,0.0001
SOFIA,Female,0.0001
JEANIE,Female,0.0001
ODESSA,Female,0.0001
NANNIE,Female,0.0001
HARRIETT,Female,0.0001
LORAINE,Female,0.0001
PENELOPE,Female,0.0001
MILAGROS,Female,0.0001
EMILIA,Female,0.0001
BENITA,Female,0.0001
ALLYSON,Female,0.0001
ASHLEE,Female,0.0001
TANIA,Female,0.0001
TOMMIE,Female,0.0001
ESMERALDA,Female,0.0001
KARINA,Female,0.0001
EVE,Female,0.0001
PEARLIE,Female,0.0001
ZELMA,Female,0.0001
MALINDA,Female,0.0001
NOREEN,Female,0.0001
TAMEKA,Female,0.0001
SAUNDRA,Female,0.0001
HILLARY,Female,0.0001
AMIE,Female,0.0001
ALTHEA,Female,0.0001
ROSALINDA,Female,0.0001
JORDAN,Female,0.0001
LILIA,Female,0.0001
ALANA,Female,0.0001
GAY,Female,0.0001
CLARE,Female,0.0001
ALEJANDRA,Female,0.0001
ELINOR,Female,0.0001
MICHAEL,Female,0.0001
LORRIE,Female,0.0001
JERRI,Female,0.0001
DARCY,Female,0.0001
EARNESTINE,Female,0.0001
CARMELLA,Female,0.0001
TAYLOR,Female,0.0001
NOEMI,Female,0.0001
MARCIE,Female,0.0001
LIZA,Female,0.0001
ANNABELLE,Female,0.0001
LOUISA,Female,0.0001
EARLENE,Female,0.0001
MALLORY,Female,0.0001
CARLENE,Female,0.0001
NITA,Female,0.0001
SELENA,Female,0.0001
TANISHA,Female,0.0001
KATY,Female,0.0001
JULIANNE,Female,0.0001
JOHN,Female,0.0001
LAKISHA,Female,0.0001
EDWINA,Female,0.0001
MARICELA,Female,0.0001
MARGERY,Female,0.0001
KENYA,Female,0.0001
DOLLIE,Female,0.0001
ROXIE,Female,0.0001
ROSLYN,Female,0.0001
KATHRINE,Female,0.0001
NANETTE,Female,0.0001
CHARMAINE,Female,0.0001
LAVONNE,Female,0.0001
ILENE,Female,0.0001
KRIS,Female,0.0001
TAMMI,Female,0.0001
SUZETTE,Female,0.0001
CORINE,Female,0.0001
KAYE,Female,0.0001
JERRY,Female,0.0001
MERLE,Female,0.0001
CHRYSTAL,Female,0.0001
LINA,Female,0.0001
DEANNE,Female,0.0001
LILIAN,Female,0.0001
JULIANA,Female,0.0001
ALINE,Female,0.0001
LUANN,Female,0.0001
KASEY,Female,0.0001
MARYANNE,Female,0.0001
EVANGELINE,Female,0.0001
COLETTE,Female,0.0001
MELVA,Female,0.0001
LAWANDA,Female,0.0001
YESENIA,Female,0.0001
NADIA,Female,0.0001
MADGE,Female,0.0001
KATHIE,Female,0.0001
EDDIE,Female,0.0001
OPHELIA,Female,0.0001
VALERIA,Female,0.0001
NONA,Female,0.0001
MITZI,Female,0.0001
MARI,Female,0.0001
GEORGETTE,Female,0.0001
CLAUDINE,Female,0.0001
FRAN,Female,0.0001
ALISSA,Female,0.0001
ROSEANN,Female,0.0001
LAKEISHA,Female,0.0001
SUSANNA,Female,0.0001
REVA,Female,0.0001
DEIDRE,Female,0.0001
CHASITY,Female,0.0001
SHEREE,Female,0.0001
CARLY,Female,0.0001
JAMES,Female,0.0001
ELVIA,Female,0.0001
ALYCE,Female,0.0001
DEIRDRE,Female,0.0001
GENA,Female,0.0001
BRIANA,Female,0.0001
ARACELI,Female,0.0001
KATELYN,Female,0.0001
ROSANNE,Female,0.0001
WENDI,Female,0.0001
TESSA,Female,0.0001
BERTA,Female,0.0001
MARVA,Female,0.0001
IMELDA,Female,0.0001
MARIETTA,Female,0.0001
MARCI,Female,0.0001
LEONOR,Female,0.0001
ARLINE,Female,0.0001
SASHA,Female,0.0001
MADELYN,Female,0.0001
JANNA,Female,0.0001
JULIETTE,Female,0.0001
DEENA,Female,0.0001
AURELIA,Female,0.0001
JOSEFA,Female,0.0001
AUGUSTA,Female,0.0001
LILIANA,Female,0.0001
YOUNG,Female,0.0001
CHRISTIAN,Female,0.0001
LESSIE,Female,0.0001
AMALIA,Female,0.0001
SAVANNAH,Female,0.0001
ANASTASIA,Female,0.0001
VILMA,Female,0.0001
NATALIA,Female,0.0001
ROSELLA,Female,0.0001
LYNNETTE,Female,0.0001
CORINA,Female,0.0001
ALFREDA,Female,0.0001
LEANNA,Female,0.0001
CAREY,Female,0.0001
AMPARO,Female,0.0001
COLEEN,Female,0.0001
TAMRA,Female,0.0001
AISHA,Female,0.0001
WILDA,Female,0.0001
KARYN,Female,0.0001
CHERRY,Female,0.0001
QUEEN,Female,0.0001
MAURA,Female,0.0001
MAI,Female,0.0001
EVANGELINA,Female,0.0001
ROSANNA,Female,0.0001
HALLIE,Female,0.0001
ERNA,Female,0.0001
ENID,Female,0.0001
MARIANA,Female,0.0001
LACY,Female,0.0001
JULIET,Female,0.0001
JACKLYN,Female,0.0001
FREIDA,Female,0.0001
MADELEINE,Female,0.0001
MARA,Female,0.0001
HESTER,Female,0.0001
CATHRYN,Female,0.0001
LELIA,Female,0.0001
CASANDRA,Female,0.0001
BRIDGETT,Female,0.0001
ANGELITA,Female,0.0001
JANNIE,Female,0.0001
DIONNE,Female,0.0001
ANNMARIE,Female,0.0001
KATINA,Female,0.0001
BERYL,Female,0.0001
PHOEBE,Female,0.0001
MILLICENT,Female,0.0001
KATHERYN,Female,0.0001
DIANN,Female,0.0001
CARISSA,Female,0.0001
MARYELLEN,Female,0.0001
LIZ,Female,0.0001
LAURI,Female,0.0001
HELGA,Female,0.0001
GILDA,Female,0.0001
ADRIAN,Female,0.0001
RHEA,Female,0.0001
MARQUITA,Female,0.0001
HOLLIE,Female,0.0001
TISHA,Female,0.0001
TAMERA,Female,0.0001
ANGELIQUE,Female,0.0001
FRANCESCA,Female,0.0001
BRITNEY,Female,0.0001
KAITLIN,Female,0.0001
LOLITA,Female,0.0001
FLORINE,Female,0.0001
ROWENA,Female,0.0001
REYNA,Female,0.0001
TWILA,Female,0.0001
FANNY,Female,0.0001
JANELL,Female,0.0001
INES,Female,0.0001
CONCETTA,Female,0.0001
BERTIE,Female,0.0001
ALBA,Female,0.0001
BRIGITTE,Female,0.0001
ALYSON,Female,0.0001
VONDA,Female,0.0001
PANSY,Female,0.0001
ELBA,Female,0.0001
NOELLE,Female,0.0001
LETITIA,Female,0.0001
KITTY,Female,0.0001
DEANN,Female,0.0001
BRANDIE,Female,0.0001
LOUELLA,Female,0.0001
LETA,Female,0.0001
FELECIA,Female,0.0001
SHARLENE,Female,0.0001
LESA,Female,0.0001
BEVERLEY,Female,0.0001
ROBERT,Female,0.0001
ISABELLA,Female,0.0001
HERMINIA,Female,0.0001
TERRA,Female,0.0001
CELINA,Female,0.0001